pop1,pop2,pop1_hab,pop2_hab,fst
MW067,MW079,Urban,Urban,0.01046247737920724
MW067,MW040,Urban,Urban,-0.008354333118451806
MW067,MW047,Urban,Rural,0.04021229578797257
MW067,MW002,Urban,Urban,-0.022378986118467142
MW067,MW012,Urban,Urban,0.060323879390609486
MW067,MW013,Urban,Urban,0.026292520873596327
MW067,MW018,Urban,Rural,-0.010944145165863397
MW067,MW030,Urban,Urban,0.04451658503937497
MW067,MW019,Urban,Rural,0.05207480473572719
MW067,MW004,Urban,Rural,-0.0004033109911847616
MW067,MW021,Urban,Rural,0.08598962804277394
MW067,MW017,Urban,Rural,0.0270287860150601
MW067,MW007,Urban,Rural,0.0018624634305584658
MW067,MW056,Urban,Urban,0.012104031677465807
MW067,MW057,Urban,Urban,0.0025571414396408465
MW067,MW027,Urban,Urban,0.026109045848822777
MW067,MW049,Urban,Urban,0.06865757101093942
MW067,MW077,Urban,Urban,0.05764104922675263
MW067,MW039,Urban,Urban,0.02265894396888423
MW067,MW001,Urban,Rural,0.07283516859643875
MW067,MW006,Urban,Rural,-6.527807152909334e-05
MW067,MW072,Urban,Urban,0.01524689648629559
MW067,MW036,Urban,Rural,0.023862107481024547
MW067,MW062,Urban,Urban,0.020528104671657773
MW067,MW046,Urban,Rural,0.04354626175149649
MW067,MW061,Urban,Urban,0.03579295847337083
MW067,MW068,Urban,Urban,0.07545464952736061
MW067,MW029,Urban,Urban,0.019856869267210996
MW067,MW014,Urban,Urban,-0.00279502888794119
MW067,MW003,Urban,Rural,0.068627450980392
MW067,MW031,Urban,Urban,-0.013393336212424603
MW067,MW015,Urban,Urban,-0.0017566638661880376
MW067,MW011,Urban,Urban,0.03745716648942476
MW067,MW064,Urban,Urban,-0.05249581886015691
MW067,MW035,Urban,Rural,0.008435448364536033
MW067,MW008,Urban,Rural,-0.007773431070935714
MW067,MW005,Urban,Rural,0.01050855648634399
MW067,MW074,Urban,Urban,0.04898056500670179
MW079,MW040,Urban,Urban,-0.06617701459212746
MW079,MW047,Urban,Rural,-0.018938091295148517
MW079,MW002,Urban,Urban,-0.05291880928558693
MW079,MW012,Urban,Urban,-0.0020624454545312572
MW079,MW013,Urban,Urban,-0.01920036603833896
MW079,MW018,Urban,Rural,-0.0787255764500394
MW079,MW030,Urban,Urban,-0.01699496932437014
MW079,MW019,Urban,Rural,-0.01886103524385144
MW079,MW004,Urban,Rural,-0.060138918732378935
MW079,MW021,Urban,Rural,0.014829338503113593
MW079,MW017,Urban,Rural,-0.012299120580847445
MW079,MW007,Urban,Rural,-0.034383031657554165
MW079,MW056,Urban,Urban,-0.03619452355639038
MW079,MW057,Urban,Urban,-0.04401415012299061
MW079,MW027,Urban,Urban,-0.05153181741114101
MW079,MW049,Urban,Urban,-0.01024583721414621
MW079,MW077,Urban,Urban,0.00876050064769052
MW079,MW039,Urban,Urban,-0.07017584303933956
MW079,MW001,Urban,Rural,-0.0006577166814914074
MW079,MW006,Urban,Rural,-0.061269095364815014
MW079,MW072,Urban,Urban,-0.030895556971557773
MW079,MW036,Urban,Rural,-0.04103905201135329
MW079,MW062,Urban,Urban,-0.01613660334496235
MW079,MW046,Urban,Rural,-0.014775731813199581
MW079,MW061,Urban,Urban,-0.0062441418356085935
MW079,MW068,Urban,Urban,0.005716957550652245
MW079,MW029,Urban,Urban,-0.05732859479425905
MW079,MW014,Urban,Urban,-0.054948246217992956
MW079,MW003,Urban,Rural,0.016413714284198182
MW079,MW031,Urban,Urban,-0.05841101364844525
MW079,MW015,Urban,Urban,-0.08670224331057023
MW079,MW011,Urban,Urban,-0.023388914723088586
MW079,MW064,Urban,Urban,-0.10256319296499608
MW079,MW035,Urban,Rural,-0.03896517188957837
MW079,MW008,Urban,Rural,-0.02387334880135216
MW079,MW005,Urban,Rural,-0.054341049571268014
MW079,MW074,Urban,Urban,-0.05870573616446031
MW040,MW047,Urban,Rural,-0.0354879324204971
MW040,MW002,Urban,Urban,-0.07217498225631479
MW040,MW012,Urban,Urban,-0.017480517387381305
MW040,MW013,Urban,Urban,-0.06330524455697538
MW040,MW018,Urban,Rural,-0.09984639016897101
MW040,MW030,Urban,Urban,-0.03870921626345907
MW040,MW019,Urban,Rural,-0.008857144741441274
MW040,MW004,Urban,Rural,-0.06889918341708548
MW040,MW021,Urban,Rural,0.014193577778645508
MW040,MW017,Urban,Rural,-0.020263226479020027
MW040,MW007,Urban,Rural,-0.06584489958935118
MW040,MW056,Urban,Urban,-0.05297731321387405
MW040,MW057,Urban,Urban,-0.07718533969407267
MW040,MW027,Urban,Urban,-0.07236670322210031
MW040,MW049,Urban,Urban,-0.0232825345952364
MW040,MW077,Urban,Urban,0.008578494419402892
MW040,MW039,Urban,Urban,-0.09102328222828193
MW040,MW001,Urban,Rural,0.0013214293209099352
MW040,MW006,Urban,Rural,-0.0736605767350144
MW040,MW072,Urban,Urban,-0.05278032161030501
MW040,MW036,Urban,Rural,-0.02868614025329726
MW040,MW062,Urban,Urban,-0.04659163309223194
MW040,MW046,Urban,Rural,-0.03482205472761943
MW040,MW061,Urban,Urban,-0.01289731437598736
MW040,MW068,Urban,Urban,-0.01139089341810277
MW040,MW029,Urban,Urban,-0.07666851984221532
MW040,MW014,Urban,Urban,-0.06897639543887744
MW040,MW003,Urban,Rural,-0.02024979777622399
MW040,MW031,Urban,Urban,-0.08618283485499002
MW040,MW015,Urban,Urban,-0.08781397563588787
MW040,MW011,Urban,Urban,-0.05482018239084325
MW040,MW064,Urban,Urban,-0.12959213382033793
MW040,MW035,Urban,Rural,-0.07970808838435066
MW040,MW008,Urban,Rural,-0.05547304416263635
MW040,MW005,Urban,Rural,-0.05822400978786876
MW040,MW074,Urban,Urban,-0.024853568683575855
MW047,MW002,Rural,Urban,-0.021385438982120936
MW047,MW012,Rural,Urban,0.03272220713316814
MW047,MW013,Rural,Urban,-0.014231794307477404
MW047,MW018,Rural,Rural,-0.05260447283764621
MW047,MW030,Rural,Urban,0.006282079971808863
MW047,MW019,Rural,Rural,0.04432176217179013
MW047,MW004,Rural,Rural,-0.03392678175176375
MW047,MW021,Rural,Rural,0.04807883939038692
MW047,MW017,Rural,Rural,0.026323403143315837
MW047,MW007,Rural,Rural,-0.007459818363827542
MW047,MW056,Rural,Urban,0.007229683129621853
MW047,MW057,Rural,Urban,-0.020677867993304327
MW047,MW027,Rural,Urban,-0.008811551876446997
MW047,MW049,Rural,Urban,0.03566245551229469
MW047,MW077,Rural,Urban,0.021468675141759964
MW047,MW039,Rural,Urban,-0.03384774485627713
MW047,MW001,Rural,Rural,0.05094554949155096
MW047,MW006,Rural,Rural,-0.02279292389324472
MW047,MW072,Rural,Urban,0.019017366918769506
MW047,MW036,Rural,Rural,-0.009839991224927461
MW047,MW062,Rural,Urban,0.015291987964226265
MW047,MW046,Rural,Rural,0.02321775954940964
MW047,MW061,Rural,Urban,-0.010591836016057213
MW047,MW068,Rural,Urban,0.02133782058225907
MW047,MW029,Rural,Urban,-0.023030242155684923
MW047,MW014,Rural,Urban,-0.031000930658940728
MW047,MW003,Rural,Rural,0.018273191680313466
MW047,MW031,Rural,Urban,-0.04444346433937738
MW047,MW015,Rural,Urban,-0.036373098254620026
MW047,MW011,Rural,Urban,0.010685611014893891
MW047,MW064,Rural,Urban,-0.08731698129580398
MW047,MW035,Rural,Rural,-0.004759196093123936
MW047,MW008,Rural,Rural,-0.003906863882299245
MW047,MW005,Rural,Rural,-0.012274193123476598
MW047,MW074,Rural,Urban,-0.0016542801039746903
MW002,MW012,Urban,Urban,-0.005612443209324864
MW002,MW013,Urban,Urban,-0.03824018508454358
MW002,MW018,Urban,Rural,-0.09118003405589145
MW002,MW030,Urban,Urban,-0.01229152080023892
MW002,MW019,Urban,Rural,-0.0032862006525963584
MW002,MW004,Urban,Rural,-0.07142673784141412
MW002,MW021,Urban,Rural,0.009345722673977574
MW002,MW017,Urban,Rural,-0.009297759408365374
MW002,MW007,Urban,Rural,-0.07062588520536765
MW002,MW056,Urban,Urban,-0.04394602867045971
MW002,MW057,Urban,Urban,-0.058624115757876905
MW002,MW027,Urban,Urban,-0.08972764955512078
MW002,MW049,Urban,Urban,-0.019346746352203178
MW002,MW077,Urban,Urban,0.003927732091470606
MW002,MW039,Urban,Urban,-0.05630574222192183
MW002,MW001,Urban,Rural,-0.006691498069206938
MW002,MW006,Urban,Rural,-0.0723311875624823
MW002,MW072,Urban,Urban,-0.03990952617594443
MW002,MW036,Urban,Rural,-0.039175704642160185
MW002,MW062,Urban,Urban,-0.025986491221989996
MW002,MW046,Urban,Rural,-0.032109187247659016
MW002,MW061,Urban,Urban,-0.04325174676374797
MW002,MW068,Urban,Urban,0.004780203061050559
MW002,MW029,Urban,Urban,-0.06479296215299124
MW002,MW014,Urban,Urban,-0.04684890502418425
MW002,MW003,Urban,Rural,-0.005079531581980504
MW002,MW031,Urban,Urban,-0.06331217616378094
MW002,MW015,Urban,Urban,-0.07392783570520946
MW002,MW011,Urban,Urban,-0.051445077112325106
MW002,MW064,Urban,Urban,-0.0932803060890232
MW002,MW035,Urban,Rural,-0.05561669539857521
MW002,MW008,Urban,Rural,-0.057981602959869254
MW002,MW005,Urban,Rural,-0.04666451179981541
MW002,MW074,Urban,Urban,-0.023045760393658198
MW012,MW013,Urban,Urban,-0.017087554816271007
MW012,MW018,Urban,Rural,-0.03443766629471085
MW012,MW030,Urban,Urban,0.04673655944336732
MW012,MW019,Urban,Rural,0.042484993221041566
MW012,MW004,Urban,Rural,-0.0051066195962809575
MW012,MW021,Urban,Rural,0.07409908358557109
MW012,MW017,Urban,Rural,0.020860416444404072
MW012,MW007,Urban,Rural,-0.0039221570488831925
MW012,MW056,Urban,Urban,0.0069612260488611305
MW012,MW057,Urban,Urban,-0.013478013116784237
MW012,MW027,Urban,Urban,-0.0005259601652359415
MW012,MW049,Urban,Urban,0.0496909841920556
MW012,MW077,Urban,Urban,0.0695227444692304
MW012,MW039,Urban,Urban,-0.019758058490074858
MW012,MW001,Urban,Rural,0.052786241211806334
MW012,MW006,Urban,Rural,-0.0063869278393654805
MW012,MW072,Urban,Urban,0.011971938904170056
MW012,MW036,Urban,Rural,0.021558560494433495
MW012,MW062,Urban,Urban,0.01452683131201419
MW012,MW046,Urban,Rural,0.04544014579055756
MW012,MW061,Urban,Urban,0.0028661395063958174
MW012,MW068,Urban,Urban,0.06690375840509263
MW012,MW029,Urban,Urban,-0.0023743646340136323
MW012,MW014,Urban,Urban,-0.021602183468094213
MW012,MW003,Urban,Rural,0.06350687342086755
MW012,MW031,Urban,Urban,-0.017121792647312846
MW012,MW015,Urban,Urban,-0.03143572737609175
MW012,MW011,Urban,Urban,0.010153056167662565
MW012,MW064,Urban,Urban,-0.05358432541993813
MW012,MW035,Urban,Rural,0.0044900131619656294
MW012,MW008,Urban,Rural,-0.0023961236718791426
MW012,MW005,Urban,Rural,-0.006692461928059003
MW012,MW074,Urban,Urban,0.03188424152233795
MW013,MW018,Urban,Rural,-0.05660460992907799
MW013,MW030,Urban,Urban,-0.003220885964248791
MW013,MW019,Urban,Rural,0.016424465542853435
MW013,MW004,Urban,Rural,-0.08088157125392018
MW013,MW021,Urban,Rural,0.03685471199172177
MW013,MW017,Urban,Rural,-0.005968512066073032
MW013,MW007,Urban,Rural,-0.020865241808224334
MW013,MW056,Urban,Urban,-0.0592298531163161
MW013,MW057,Urban,Urban,-0.05143488009892623
MW013,MW027,Urban,Urban,-0.03403746966019429
MW013,MW049,Urban,Urban,0.016707631758282993
MW013,MW077,Urban,Urban,0.06071658593908915
MW013,MW039,Urban,Urban,-0.060934042087318334
MW013,MW001,Urban,Rural,0.01809211804664974
MW013,MW006,Urban,Rural,-0.03973874909125036
MW013,MW072,Urban,Urban,-0.024464078572361467
MW013,MW036,Urban,Rural,-0.023541211493988513
MW013,MW062,Urban,Urban,-0.010434210020379158
MW013,MW046,Urban,Rural,-0.004037921348314592
MW013,MW061,Urban,Urban,-0.023666589702147304
MW013,MW068,Urban,Urban,0.021897915326008335
MW013,MW029,Urban,Urban,-0.045157169402291836
MW013,MW014,Urban,Urban,-0.03163916621491399
MW013,MW003,Urban,Rural,-0.008049590375874372
MW013,MW031,Urban,Urban,-0.03228881839687869
MW013,MW015,Urban,Urban,-0.05854336306061781
MW013,MW011,Urban,Urban,-0.015602187358976422
MW013,MW064,Urban,Urban,-0.08234665037048351
MW013,MW035,Urban,Rural,-0.04343577434121639
MW013,MW008,Urban,Rural,-0.03617013289285987
MW013,MW005,Urban,Rural,-0.02104256813178482
MW013,MW074,Urban,Urban,-0.002304147465437782
MW018,MW030,Rural,Urban,-0.03298555828197875
MW018,MW019,Rural,Rural,-0.0496465168003814
MW018,MW004,Rural,Rural,-0.07835666098633558
MW018,MW021,Rural,Rural,-0.005661882590367305
MW018,MW017,Rural,Rural,-0.06385658342680628
MW018,MW007,Rural,Rural,-0.071712041387265
MW018,MW056,Rural,Urban,-0.05137003614671018
MW018,MW057,Rural,Urban,-0.07910228855567558
MW018,MW027,Rural,Urban,-0.057890869234889016
MW018,MW049,Rural,Urban,-0.03755558747077497
MW018,MW077,Rural,Urban,-0.01358582942942476
MW018,MW039,Rural,Urban,-0.07757134572244331
MW018,MW001,Rural,Rural,-0.01910849815970253
MW018,MW006,Rural,Rural,-0.08250003262727922
MW018,MW072,Rural,Urban,-0.06358262378827369
MW018,MW036,Rural,Rural,-0.06950841153912887
MW018,MW062,Rural,Urban,-0.045856441523679806
MW018,MW046,Rural,Rural,-0.033646302048650864
MW018,MW061,Rural,Urban,-0.04374771917903024
MW018,MW068,Rural,Urban,-0.011329626010879012
MW018,MW029,Rural,Urban,-0.07412230307672671
MW018,MW014,Rural,Urban,-0.07375664560704309
MW018,MW003,Rural,Rural,-0.02503036699257257
MW018,MW031,Rural,Urban,-0.09022659369030343
MW018,MW015,Rural,Urban,-0.07255918372494875
MW018,MW011,Rural,Urban,-0.0586132429648827
MW018,MW064,Rural,Urban,-0.10723212379265747
MW018,MW035,Rural,Rural,-0.0853760180609429
MW018,MW008,Rural,Rural,-0.06293905214207973
MW018,MW005,Rural,Rural,-0.06619541484022028
MW018,MW074,Rural,Urban,-0.04115346637563663
MW030,MW019,Urban,Rural,0.05477555367603285
MW030,MW004,Urban,Rural,-0.03878485709316471
MW030,MW021,Urban,Rural,0.08353089437478665
MW030,MW017,Urban,Rural,0.028584722955808738
MW030,MW007,Urban,Rural,-0.015041661492932694
MW030,MW056,Urban,Urban,0.01854944456814867
MW030,MW057,Urban,Urban,-0.007404496946222269
MW030,MW027,Urban,Urban,0.013551816843667512
MW030,MW049,Urban,Urban,0.030206832773124172
MW030,MW077,Urban,Urban,0.04413848366417734
MW030,MW039,Urban,Urban,-0.024142612737128477
MW030,MW001,Urban,Rural,0.043636101973160486
MW030,MW006,Urban,Rural,-0.029752210292522896
MW030,MW072,Urban,Urban,0.009202016151197612
MW030,MW036,Urban,Rural,0.019001729676303467
MW030,MW062,Urban,Urban,0.024112674560943324
MW030,MW046,Urban,Rural,0.029259310578710455
MW030,MW061,Urban,Urban,0.03720542409192717
MW030,MW068,Urban,Urban,0.060397378252622105
MW030,MW029,Urban,Urban,-0.004453785717860187
MW030,MW014,Urban,Urban,-0.021530357608390508
MW030,MW003,Urban,Rural,0.053091462903090386
MW030,MW031,Urban,Urban,-0.023990932581088614
MW030,MW015,Urban,Urban,-0.047267098771403726
MW030,MW011,Urban,Urban,-0.005991361293019424
MW030,MW064,Urban,Urban,-0.07370827443039256
MW030,MW035,Urban,Rural,-0.007996931632946508
MW030,MW008,Urban,Rural,-0.01663075513287267
MW030,MW005,Urban,Rural,-0.02427942635807811
MW030,MW074,Urban,Urban,0.019277000012855636
MW028,MW019,Urban,Rural,-0.16165109162515584
MW028,MW004,Urban,Rural,-0.21242544463336296
MW028,MW021,Urban,Rural,-0.1015995494005136
MW028,MW017,Urban,Rural,-0.16829489102382153
MW028,MW007,Urban,Rural,-0.17227616160157858
MW028,MW056,Urban,Urban,-0.20641245708680728
MW028,MW057,Urban,Urban,-0.19232262842280184
MW028,MW027,Urban,Urban,-0.177423140107956
MW028,MW049,Urban,Urban,-0.14651020687104535
MW028,MW077,Urban,Urban,-0.13450246713885414
MW028,MW039,Urban,Urban,-0.2067966667471997
MW028,MW001,Urban,Rural,-0.14550571873445994
MW028,MW006,Urban,Rural,-0.18934839522932242
MW028,MW072,Urban,Urban,-0.18737827647536975
MW028,MW036,Urban,Rural,-0.14681522892564117
MW028,MW062,Urban,Urban,-0.15697696367118893
MW028,MW046,Urban,Rural,-0.18497643987721427
MW028,MW061,Urban,Urban,-0.20962771203155814
MW028,MW068,Urban,Urban,-0.1261529360138455
MW028,MW029,Urban,Urban,-0.18505719733079135
MW028,MW014,Urban,Urban,-0.1804438159702705
MW028,MW003,Urban,Rural,-0.14526820879791397
MW028,MW031,Urban,Urban,-0.20078209604163647
MW028,MW015,Urban,Urban,-0.1950326486372164
MW028,MW011,Urban,Urban,-0.16837057190754906
MW028,MW064,Urban,Urban,-0.24568448813234203
MW028,MW035,Urban,Rural,-0.19804633824469714
MW028,MW008,Urban,Rural,-0.17403378847489012
MW028,MW005,Urban,Rural,-0.18724348225336376
MW028,MW074,Urban,Urban,-0.1377844311377245
MW019,MW004,Rural,Rural,-0.007537639250543318
MW019,MW021,Rural,Rural,0.07519259100614605
MW019,MW017,Rural,Rural,0.042356772607254324
MW019,MW007,Rural,Rural,0.024939317392129203
MW019,MW056,Rural,Urban,-0.004971863621317435
MW019,MW057,Rural,Urban,-0.0010940750720436355
MW019,MW027,Rural,Urban,0.008630485017937627
MW019,MW049,Rural,Urban,0.03894715472876067
MW019,MW077,Rural,Urban,0.08006806187987993
MW019,MW039,Rural,Urban,-0.008311732975198086
MW019,MW001,Rural,Rural,0.05371438608168322
MW019,MW006,Rural,Rural,-0.013078170421937403
MW019,MW072,Rural,Urban,0.0405566599769083
MW019,MW036,Rural,Rural,0.010904734933562485
MW019,MW062,Rural,Urban,0.05303625335508984
MW019,MW046,Rural,Rural,0.024733708397552043
MW019,MW061,Rural,Urban,0.02410159172406678
MW019,MW068,Rural,Urban,0.06488353176119989
MW019,MW029,Rural,Urban,0.001572020631146791
MW019,MW014,Rural,Urban,-0.004132950281757714
MW019,MW003,Rural,Rural,0.057256488035052205
MW019,MW031,Rural,Urban,-0.002817598437325876
MW019,MW015,Rural,Urban,-0.0018167059642070311
MW019,MW011,Rural,Urban,0.007079354626275938
MW019,MW064,Rural,Urban,-0.04291278162520481
MW019,MW035,Rural,Rural,-0.0317932718950758
MW019,MW008,Rural,Rural,0.00803319209039547
MW019,MW005,Rural,Rural,-0.00920892704835804
MW019,MW074,Rural,Urban,0.04234859539114771
MW004,MW021,Rural,Rural,0.02630224752733782
MW004,MW017,Rural,Rural,-0.021727322107550177
MW004,MW007,Rural,Rural,-0.0412541350495168
MW004,MW056,Rural,Urban,-0.06621833050658034
MW004,MW057,Rural,Urban,-0.06375509855800866
MW004,MW027,Rural,Urban,-0.06298677136661665
MW004,MW049,Rural,Urban,-0.02858313117185181
MW004,MW077,Rural,Urban,-0.008747794394337696
MW004,MW039,Rural,Urban,-0.08364169784811856
MW004,MW001,Rural,Rural,-0.0005266309937637505
MW004,MW006,Rural,Rural,-0.08331892988400885
MW004,MW072,Rural,Urban,-0.03870724803698472
MW004,MW036,Rural,Rural,-0.03516491926226363
MW004,MW062,Rural,Urban,-0.03148492114525961
MW004,MW046,Rural,Rural,-0.022777586613644738
MW004,MW061,Rural,Urban,-0.04037187158206266
MW004,MW068,Rural,Urban,0.0070508334625574345
MW004,MW029,Rural,Urban,-0.05853589306910251
MW004,MW014,Rural,Urban,-0.06689542785165038
MW004,MW003,Rural,Rural,-0.03127895723081365
MW004,MW031,Rural,Urban,-0.07543111676323115
MW004,MW015,Rural,Urban,-0.07289847761695979
MW004,MW011,Rural,Urban,-0.03393716426067354
MW004,MW064,Rural,Urban,-0.14307818995630298
MW004,MW035,Rural,Rural,-0.08063175394846248
MW004,MW008,Rural,Rural,-0.06937536664371159
MW004,MW005,Rural,Rural,-0.0475173399553832
MW004,MW074,Rural,Urban,-0.016522090236532238
MW021,MW017,Rural,Rural,0.05139406640464217
MW021,MW007,Rural,Rural,0.022931282107937843
MW021,MW056,Rural,Urban,0.02791079411399464
MW021,MW057,Rural,Urban,0.023243651718225653
MW021,MW027,Rural,Urban,0.024089528146010505
MW021,MW049,Rural,Urban,0.08390688143456244
MW021,MW077,Rural,Urban,0.08483406748660433
MW021,MW039,Rural,Urban,0.010839408074434382
MW021,MW001,Rural,Rural,0.08498154090115109
MW021,MW006,Rural,Rural,0.035224273896597026
MW021,MW072,Rural,Urban,0.05033471713169179
MW021,MW036,Rural,Rural,0.037871984977333024
MW021,MW062,Rural,Urban,0.06927649536048937
MW021,MW046,Rural,Rural,0.06156813172565805
MW021,MW061,Rural,Urban,0.06717312850706474
MW021,MW068,Rural,Urban,0.10966474694441264
MW021,MW029,Rural,Urban,0.009231267966504175
MW021,MW014,Rural,Urban,0.01634911989691725
MW021,MW003,Rural,Rural,0.06909221805067742
MW021,MW031,Rural,Urban,0.01665200959032352
MW021,MW015,Rural,Urban,0.011595101395365518
MW021,MW011,Rural,Urban,0.049779965956746615
MW021,MW064,Rural,Urban,-0.007984585654543531
MW021,MW035,Rural,Rural,0.027782010160322678
MW021,MW008,Rural,Rural,0.03860235593759934
MW021,MW005,Rural,Rural,0.040436678188077654
MW021,MW074,Rural,Urban,0.049937541013416804
MW017,MW007,Rural,Rural,-0.015132030857837372
MW017,MW056,Rural,Urban,-0.010539798957073587
MW017,MW057,Rural,Urban,-0.020099162362484546
MW017,MW027,Rural,Urban,-0.01113444041483746
MW017,MW049,Rural,Urban,0.034740390193107
MW017,MW077,Rural,Urban,0.05324733555136678
MW017,MW039,Rural,Urban,-0.03738931028284356
MW017,MW001,Rural,Rural,0.05674601646058831
MW017,MW006,Rural,Rural,-0.031133366343486592
MW017,MW072,Rural,Urban,-0.015610270631412326
MW017,MW036,Rural,Rural,0.002641736877877362
MW017,MW062,Rural,Urban,-0.005700223493065154
MW017,MW046,Rural,Rural,0.021997719259169525
MW017,MW061,Rural,Urban,0.01749613169976918
MW017,MW068,Rural,Urban,0.05040266643302519
MW017,MW029,Rural,Urban,-0.01907056887817898
MW017,MW014,Rural,Urban,-0.033423156094298086
MW017,MW003,Rural,Rural,0.05717759158863133
MW017,MW031,Rural,Urban,-0.03897960212669692
MW017,MW015,Rural,Urban,-0.03920377735545912
MW017,MW011,Rural,Urban,0.019994847710203514
MW017,MW064,Rural,Urban,-0.06410157406334858
MW017,MW035,Rural,Rural,-0.04217196768772883
MW017,MW008,Rural,Rural,-0.004481394100538017
MW017,MW005,Rural,Rural,-0.013327417436056598
MW017,MW074,Rural,Urban,0.005269539265062495
MW051,MW007,Urban,Rural,-0.09239499041115116
MW051,MW056,Urban,Urban,-0.09154522322461255
MW051,MW057,Urban,Urban,-0.11562411922209705
MW051,MW027,Urban,Urban,-0.08762420957542898
MW051,MW049,Urban,Urban,-0.021752629767622853
MW051,MW077,Urban,Urban,-0.07275314130206571
MW051,MW039,Urban,Urban,-0.1062516345147992
MW051,MW001,Urban,Rural,-0.04274344242593418
MW051,MW006,Urban,Rural,-0.11139192668351562
MW051,MW072,Urban,Urban,-0.07893640827405335
MW051,MW036,Urban,Rural,-0.08247055078000666
MW051,MW062,Urban,Urban,-0.05466104737287629
MW051,MW046,Urban,Rural,-0.06639489373940895
MW051,MW061,Urban,Urban,-0.07083522985889848
MW051,MW068,Urban,Urban,-0.05460904233951966
MW051,MW029,Urban,Urban,-0.0906285714285714
MW051,MW014,Urban,Urban,-0.11042794911805658
MW051,MW003,Urban,Rural,-0.056458625995049756
MW051,MW031,Urban,Urban,-0.13007653951040074
MW051,MW015,Urban,Urban,-0.15131858219250724
MW051,MW011,Urban,Urban,-0.061298186606176704
MW051,MW064,Urban,Urban,-0.15968191316461602
MW051,MW035,Urban,Rural,-0.1102170683285346
MW051,MW008,Urban,Rural,-0.09878213802435715
MW051,MW005,Urban,Rural,-0.08088739496435038
MW051,MW074,Urban,Urban,-0.09673336547733843
MW007,MW056,Rural,Urban,-0.02923684395803844
MW007,MW057,Rural,Urban,-0.051836056945807285
MW007,MW027,Rural,Urban,-0.0398901621471156
MW007,MW049,Rural,Urban,0.009908512141149035
MW007,MW077,Rural,Urban,0.02742245453753763
MW007,MW039,Rural,Urban,-0.04996542022565719
MW007,MW001,Rural,Rural,0.008517566348176341
MW007,MW006,Rural,Rural,-0.06344753861907779
MW007,MW072,Rural,Urban,-0.01933587270929125
MW007,MW036,Rural,Rural,-0.0019343199918835294
MW007,MW062,Rural,Urban,-0.022156723895788346
MW007,MW046,Rural,Rural,-0.013903746619146796
MW007,MW061,Rural,Urban,-0.009749070417330688
MW007,MW068,Rural,Urban,0.021888098662035966
MW007,MW029,Rural,Urban,-0.04220348468601053
MW007,MW014,Rural,Urban,-0.03819533514485815
MW007,MW003,Rural,Rural,0.010478199432610278
MW007,MW031,Rural,Urban,-0.04478420696710665
MW007,MW015,Rural,Urban,-0.07372134777107998
MW007,MW011,Rural,Urban,-0.01973584573986184
MW007,MW064,Rural,Urban,-0.07899371190494558
MW007,MW035,Rural,Rural,-0.03466251195304514
MW007,MW008,Rural,Rural,-0.04423284866332313
MW007,MW005,Rural,Rural,-0.05280029855460535
MW007,MW074,Rural,Urban,-0.02758493923046936
MW056,MW057,Urban,Urban,-0.04365834606034176
MW056,MW027,Urban,Urban,-0.050324549880225666
MW056,MW049,Urban,Urban,0.03022681474523109
MW056,MW077,Urban,Urban,0.027520382933107886
MW056,MW039,Urban,Urban,-0.05689911471925755
MW056,MW001,Urban,Rural,0.03288341909223562
MW056,MW006,Urban,Rural,-0.045060842974685746
MW056,MW072,Urban,Urban,-0.05033585214210677
MW056,MW036,Urban,Rural,0.003474951650134132
MW056,MW062,Urban,Urban,0.0015868554441861422
MW056,MW046,Urban,Rural,-0.005990251360820868
MW056,MW061,Urban,Urban,-0.03238866396761138
MW056,MW068,Urban,Urban,0.024464471686263235
MW056,MW029,Urban,Urban,-0.03856393240219163
MW056,MW014,Urban,Urban,-0.04045016450625291
MW056,MW003,Urban,Rural,0.0017779400232551703
MW056,MW031,Urban,Urban,-0.05196328193694271
MW056,MW015,Urban,Urban,-0.06929221501996996
MW056,MW011,Urban,Urban,-0.015733823392326853
MW056,MW064,Urban,Urban,-0.0941299465654768
MW056,MW035,Urban,Rural,-0.030636777128005197
MW056,MW008,Urban,Rural,-0.036241433842909926
MW056,MW005,Urban,Rural,-0.021138565042910215
MW056,MW074,Urban,Urban,-0.0033728135540042553
MW057,MW027,Urban,Urban,-0.04606311625773907
MW057,MW049,Urban,Urban,-0.010455448050609831
MW057,MW077,Urban,Urban,0.005312240593858866
MW057,MW039,Urban,Urban,-0.05891444902985854
MW057,MW001,Urban,Rural,-0.003504115672302964
MW057,MW006,Urban,Rural,-0.06762925679143823
MW057,MW072,Urban,Urban,-0.026801531998177915
MW057,MW036,Urban,Rural,-0.03267454909407938
MW057,MW062,Urban,Urban,-0.028604989703872413
MW057,MW046,Urban,Rural,-0.023907922167623268
MW057,MW061,Urban,Urban,-0.03173966204626595
MW057,MW068,Urban,Urban,0.000824877147246335
MW057,MW029,Urban,Urban,-0.04557715601709703
MW057,MW014,Urban,Urban,-0.058544180809743676
MW057,MW003,Urban,Rural,-0.007998071831394333
MW057,MW031,Urban,Urban,-0.07196107522781264
MW057,MW015,Urban,Urban,-0.05885978909572353
MW057,MW011,Urban,Urban,-0.029021339826083282
MW057,MW064,Urban,Urban,-0.10252366389134376
MW057,MW035,Urban,Rural,-0.05914730856397977
MW057,MW008,Urban,Rural,-0.0555478833640644
MW057,MW005,Urban,Rural,-0.0404838684820887
MW057,MW074,Urban,Urban,-0.020124275603268196
MW027,MW049,Urban,Urban,-0.004561322745233445
MW027,MW077,Urban,Urban,0.0381674807751926
MW027,MW039,Urban,Urban,-0.05484524454758507
MW027,MW001,Urban,Rural,0.025247195176384237
MW027,MW006,Urban,Rural,-0.07896433945589595
MW027,MW072,Urban,Urban,-0.025806046718811496
MW027,MW036,Urban,Rural,-0.020582461142164006
MW027,MW062,Urban,Urban,-0.01136951563078275
MW027,MW046,Urban,Rural,-0.0025564544401426815
MW027,MW061,Urban,Urban,0.01024320771253291
MW027,MW068,Urban,Urban,0.03675644643117287
MW027,MW029,Urban,Urban,-0.061404862987263616
MW027,MW014,Urban,Urban,-0.03164255717148135
MW027,MW003,Urban,Rural,0.005343019200652758
MW027,MW031,Urban,Urban,-0.0677177159612881
MW027,MW015,Urban,Urban,-0.06514187929405157
MW027,MW011,Urban,Urban,-0.008270336628545597
MW027,MW064,Urban,Urban,-0.11250192871470466
MW027,MW035,Urban,Rural,-0.03190243405642124
MW027,MW008,Urban,Rural,-0.05773428678961231
MW027,MW005,Urban,Rural,-0.04698269604022456
MW027,MW074,Urban,Urban,0.020237382057810404
MW049,MW077,Urban,Urban,0.07712745382458211
MW049,MW039,Urban,Urban,-0.03065811022500727
MW049,MW001,Urban,Rural,0.05495119061759581
MW049,MW006,Urban,Rural,-0.010470661085692667
MW049,MW072,Urban,Urban,0.02594942851596838
MW049,MW036,Urban,Rural,0.010053907592136124
MW049,MW062,Urban,Urban,0.03070274809266001
MW049,MW046,Urban,Rural,0.017252264175239194
MW049,MW061,Urban,Urban,0.04223396430340589
MW049,MW068,Urban,Urban,0.06524203781699477
MW049,MW029,Urban,Urban,0.01225209981555156
MW049,MW014,Urban,Urban,0.002344528706619831
MW049,MW003,Urban,Rural,0.05868509039106567
MW049,MW031,Urban,Urban,-0.006798326397712356
MW049,MW015,Urban,Urban,-0.012239157066823186
MW049,MW011,Urban,Urban,0.0038362771526721635
MW049,MW064,Urban,Urban,-0.036275575763566395
MW049,MW035,Urban,Rural,-0.0014698220596668886
MW049,MW008,Urban,Rural,0.008074710709183268
MW049,MW005,Urban,Rural,0.0021453028446880014
MW049,MW074,Urban,Urban,0.02380006988342173
MW077,MW039,Urban,Urban,-0.01355418309270295
MW077,MW001,Urban,Rural,0.08126447660815297
MW077,MW006,Urban,Rural,0.007264173547626086
MW077,MW072,Urban,Urban,0.03742888223758572
MW077,MW036,Urban,Rural,0.03033791693137987
MW077,MW062,Urban,Urban,0.04144796929939743
MW077,MW046,Urban,Rural,0.04399424693989974
MW077,MW061,Urban,Urban,0.047400419085701126
MW077,MW068,Urban,Urban,0.07882296087742174
MW077,MW029,Urban,Urban,0.01436683163277289
MW077,MW014,Urban,Urban,-0.002593224378190575
MW077,MW003,Urban,Rural,0.05738510509074516
MW077,MW031,Urban,Urban,-0.011277059736661755
MW077,MW015,Urban,Urban,-0.010499511443074198
MW077,MW011,Urban,Urban,0.06491256299794536
MW077,MW064,Urban,Urban,-0.04785168600607076
MW077,MW035,Urban,Rural,0.01546280937912849
MW077,MW008,Urban,Rural,0.02101547664261291
MW077,MW005,Urban,Rural,0.011207124988564583
MW077,MW074,Urban,Urban,0.043708232717470666
MW039,MW001,Urban,Rural,0.001433244814066712
MW039,MW006,Urban,Rural,-0.059287677957781185
MW039,MW072,Urban,Urban,-0.035786130085698004
MW039,MW036,Urban,Rural,-0.044984432393487435
MW039,MW062,Urban,Urban,-0.0450025763149992
MW039,MW046,Urban,Rural,-0.02350506048101752
MW039,MW061,Urban,Urban,-0.03056772938812023
MW039,MW068,Urban,Urban,-0.004972641825036338
MW039,MW029,Urban,Urban,-0.044901443886199675
MW039,MW014,Urban,Urban,-0.07920281565801794
MW039,MW003,Urban,Rural,-0.008213887257386726
MW039,MW031,Urban,Urban,-0.08130751100124206
MW039,MW015,Urban,Urban,-0.08405206749930812
MW039,MW011,Urban,Urban,-0.027940152198294838
MW039,MW064,Urban,Urban,-0.12123651609476434
MW039,MW035,Urban,Rural,-0.07184868561800488
MW039,MW008,Urban,Rural,-0.049271253769862196
MW039,MW005,Urban,Rural,-0.07228713854661357
MW039,MW074,Urban,Urban,-0.03200411044695685
MW001,MW006,Rural,Rural,-0.011823914478642662
MW001,MW072,Rural,Urban,0.014282629481510139
MW001,MW036,Rural,Rural,0.02161883469570998
MW001,MW062,Rural,Urban,0.0442334896837279
MW001,MW046,Rural,Rural,0.029124793529691738
MW001,MW061,Rural,Urban,0.040569513341639184
MW001,MW068,Rural,Urban,0.07500531960422163
MW001,MW029,Rural,Urban,0.003682158428529025
MW001,MW014,Rural,Urban,-0.0004242884118580596
MW001,MW003,Rural,Rural,0.05348527201376568
MW001,MW031,Rural,Urban,0.00435991210749811
MW001,MW015,Rural,Urban,-0.016173219705323292
MW001,MW011,Rural,Urban,0.0315281156006255
MW001,MW064,Rural,Urban,-0.04448720542913193
MW001,MW035,Rural,Rural,-0.016444112226478815
MW001,MW008,Rural,Rural,0.023179018582130298
MW001,MW005,Rural,Rural,0.006957327841976538
MW001,MW074,Rural,Urban,0.01810931812272491
MW006,MW072,Rural,Urban,-0.04170432441990701
MW006,MW036,Rural,Rural,-0.03674364342780955
MW006,MW062,Rural,Urban,-0.030217087221466706
MW006,MW046,Rural,Rural,-0.049229462213025044
MW006,MW061,Rural,Urban,-0.007940985856429448
MW006,MW068,Rural,Urban,0.0018249642127873477
MW006,MW029,Rural,Urban,-0.05287771195417639
MW006,MW014,Rural,Urban,-0.04718765159884665
MW006,MW003,Rural,Rural,-0.01233844397212881
MW006,MW031,Rural,Urban,-0.07212577906683738
MW006,MW015,Rural,Urban,-0.06048515778765146
MW006,MW011,Rural,Urban,-0.021850212212357535
MW006,MW064,Rural,Urban,-0.10694109420056404
MW006,MW035,Rural,Rural,-0.06812514015989728
MW006,MW008,Rural,Rural,-0.049828980694330775
MW006,MW005,Rural,Rural,-0.05179157534171151
MW006,MW074,Rural,Urban,-0.02703366623711347
MW072,MW036,Urban,Rural,-0.0033661797826239743
MW072,MW062,Urban,Urban,-0.010952130201774473
MW072,MW046,Urban,Rural,-0.008479455106183389
MW072,MW061,Urban,Urban,0.01471405368439051
MW072,MW068,Urban,Urban,0.03804648317563128
MW072,MW029,Urban,Urban,-0.03006754946098251
MW072,MW014,Urban,Urban,-0.0391098371720177
MW072,MW003,Urban,Rural,0.029437651734541204
MW072,MW031,Urban,Urban,-0.04675812934268955
MW072,MW015,Urban,Urban,-0.04412555723980024
MW072,MW011,Urban,Urban,-0.020894257832480407
MW072,MW064,Urban,Urban,-0.08598663975394082
MW072,MW035,Urban,Rural,-0.022079167391878925
MW072,MW008,Urban,Rural,-0.018255770483551006
MW072,MW005,Urban,Rural,-0.013061892648065822
MW072,MW074,Urban,Urban,-0.0032605412233625178
MW036,MW062,Rural,Urban,0.0188410610483247
MW036,MW046,Rural,Rural,-0.004480837328943038
MW036,MW061,Rural,Urban,0.004718691016362304
MW036,MW068,Rural,Urban,0.03284203901742449
MW036,MW029,Rural,Urban,-0.03221191917643755
MW036,MW014,Rural,Urban,-0.02683921599553374
MW036,MW003,Rural,Rural,0.031844296392377416
MW036,MW031,Rural,Urban,-0.049925686114851854
MW036,MW015,Rural,Urban,-0.02759492238338644
MW036,MW011,Rural,Urban,0.01758585410111374
MW036,MW064,Rural,Urban,-0.07940173550143781
MW036,MW035,Rural,Rural,-0.02142691684039842
MW036,MW008,Rural,Rural,-0.048806803757298796
MW036,MW005,Rural,Rural,-0.022633652741000466
MW036,MW074,Rural,Urban,-0.005346368788200019
MW062,MW046,Urban,Rural,0.015696473939367454
MW062,MW061,Urban,Urban,-0.0031020026425355963
MW062,MW068,Urban,Urban,0.04083760562854186
MW062,MW029,Urban,Urban,-0.021547721791127607
MW062,MW014,Urban,Urban,-0.030790851199889818
MW062,MW003,Urban,Rural,0.04065308486873311
MW062,MW031,Urban,Urban,-0.03318590219324626
MW062,MW015,Urban,Urban,-0.03897013620360546
MW062,MW011,Urban,Urban,-0.005642737907677146
MW062,MW064,Urban,Urban,-0.07564366701937862
MW062,MW035,Urban,Rural,-0.02220530470509856
MW062,MW008,Urban,Rural,-0.03185193570727338
MW062,MW005,Urban,Rural,-0.01535617752603766
MW062,MW074,Urban,Urban,0.02174953963061674
MW046,MW061,Rural,Urban,0.030471910324751276
MW046,MW068,Rural,Urban,0.046402936832002514
MW046,MW029,Rural,Urban,-0.027365693839550648
MW046,MW014,Rural,Urban,-0.01297509734243477
MW046,MW003,Rural,Rural,0.06106483825709019
MW046,MW031,Rural,Urban,-0.021473774753752974
MW046,MW015,Rural,Urban,-0.02834048330978202
MW046,MW011,Rural,Urban,0.012937614253472464
MW046,MW064,Rural,Urban,-0.057742339843629406
MW046,MW035,Rural,Rural,-0.02992242923875764
MW046,MW008,Rural,Rural,-0.023173623377620776
MW046,MW005,Rural,Rural,-0.010715320857739925
MW046,MW074,Rural,Urban,0.0014392028967936544
MW061,MW068,Urban,Urban,0.010271679317655854
MW061,MW029,Urban,Urban,0.003397950089126595
MW061,MW014,Urban,Urban,-0.007084565619223689
MW061,MW003,Urban,Rural,0.00948285145103107
MW061,MW031,Urban,Urban,-0.016921106518379865
MW061,MW015,Urban,Urban,-0.05850040304755962
MW061,MW011,Urban,Urban,0.014012086316007914
MW061,MW064,Urban,Urban,-0.07345321548308438
MW061,MW035,Urban,Rural,-0.03579756851648059
MW061,MW008,Urban,Rural,-0.015450373769521132
MW061,MW005,Urban,Rural,-0.005399081775384686
MW061,MW074,Urban,Urban,-0.005400930379247784
MW068,MW029,Urban,Urban,0.05603976957720389
MW068,MW014,Urban,Urban,0.0274502399078556
MW068,MW003,Urban,Rural,0.0782940009618515
MW068,MW031,Urban,Urban,-0.008911916866016521
MW068,MW015,Urban,Urban,-0.0028767531901550385
MW068,MW011,Urban,Urban,0.04942614191893099
MW068,MW064,Urban,Urban,-0.022350557263943343
MW068,MW035,Urban,Rural,0.017168730966377176
MW068,MW008,Urban,Rural,0.037039821034159266
MW068,MW005,Urban,Rural,0.0029281553929764448
MW068,MW074,Urban,Urban,0.01672974520589171
MW029,MW014,Urban,Urban,-0.04503695931639459
MW029,MW003,Urban,Rural,-0.007341550481578769
MW029,MW031,Urban,Urban,-0.045540864643099664
MW029,MW015,Urban,Urban,-0.04752846889345408
MW029,MW011,Urban,Urban,-0.009187020556448582
MW029,MW064,Urban,Urban,-0.07963046928134218
MW029,MW035,Urban,Rural,-0.058911230736753216
MW029,MW008,Urban,Rural,-0.018401990195361085
MW029,MW005,Urban,Rural,-0.01962483467099535
MW029,MW074,Urban,Urban,-0.024220974375197754
MW014,MW003,Urban,Rural,0.01824606176638534
MW014,MW031,Urban,Urban,-0.07616062043658625
MW014,MW015,Urban,Urban,-0.07701120293776799
MW014,MW011,Urban,Urban,-0.025283445155943926
MW014,MW064,Urban,Urban,-0.10662929994195483
MW014,MW035,Urban,Rural,-0.05635743810761129
MW014,MW008,Urban,Rural,-0.03683486423777856
MW014,MW005,Urban,Rural,-0.05973810744128575
MW014,MW074,Urban,Urban,-0.037902446241862536
MW042,MW003,Urban,Rural,-0.0035157464876340496
MW042,MW031,Urban,Urban,-0.08585879971287315
MW042,MW015,Urban,Urban,-0.09824631860776457
MW042,MW011,Urban,Urban,-0.06734892787524371
MW042,MW064,Urban,Urban,-0.10376808212785821
MW042,MW035,Urban,Rural,-0.06003165861899257
MW042,MW008,Urban,Rural,-0.0444242973708069
MW042,MW005,Urban,Rural,-0.06759244952616404
MW042,MW074,Urban,Urban,-0.08405008854034905
MW003,MW031,Rural,Urban,-0.017824198487167205
MW003,MW015,Rural,Urban,-0.013274425143086669
MW003,MW011,Rural,Urban,0.02747343957503326
MW003,MW064,Rural,Urban,-0.037860228649702427
MW003,MW035,Rural,Rural,-0.008498700441437383
MW003,MW008,Rural,Rural,-0.0024607007761678562
MW003,MW005,Rural,Rural,0.03199121346687936
MW003,MW074,Rural,Urban,0.03748504134029593
MW031,MW015,Urban,Urban,-0.07489496141506426
MW031,MW011,Urban,Urban,-0.03818448377389891
MW031,MW064,Urban,Urban,-0.11786283922875068
MW031,MW035,Urban,Rural,-0.06763707667742312
MW031,MW008,Urban,Rural,-0.06074252234876315
MW031,MW005,Urban,Rural,-0.06181542180038906
MW031,MW074,Urban,Urban,-0.02220995329437238
MW015,MW011,Urban,Urban,-0.03796997475753949
MW015,MW064,Urban,Urban,-0.11279610503057425
MW015,MW035,Urban,Rural,-0.06866017525494933
MW015,MW008,Urban,Rural,-0.0658055881721653
MW015,MW005,Urban,Rural,-0.0706330733221214
MW015,MW074,Urban,Urban,-0.050215773511296365
MW009,MW011,Rural,Urban,-0.19853069556925457
MW009,MW064,Rural,Urban,-0.26567599067599046
MW009,MW035,Rural,Rural,-0.21072796934865892
MW009,MW008,Rural,Rural,-0.21636488654595457
MW009,MW005,Rural,Rural,-0.1748263653100338
MW009,MW074,Rural,Urban,-0.14633164673413082
MW011,MW064,Urban,Urban,-0.06983894968329846
MW011,MW035,Urban,Rural,-0.02558584894807722
MW011,MW008,Urban,Rural,-0.01040667868420717
MW011,MW005,Urban,Rural,-0.018687664198394075
MW011,MW074,Urban,Urban,0.01230846012733356
MW064,MW035,Urban,Rural,-0.11466682538422875
MW064,MW008,Urban,Rural,-0.08624348473566656
MW064,MW005,Urban,Rural,-0.10194603537014833
MW064,MW074,Urban,Urban,-0.060747663551401807
MW069,MW035,Urban,Rural,-0.11512834365346532
MW069,MW008,Urban,Rural,-0.08995080815179195
MW069,MW005,Urban,Rural,-0.16556552666289814
MW069,MW074,Urban,Urban,-0.08609229997491849
MW035,MW008,Rural,Rural,-0.03344666918524114
MW035,MW005,Rural,Rural,-0.04313229962834117
MW035,MW074,Rural,Urban,-0.015697008444550988
MW008,MW005,Rural,Rural,-0.03161492889232705
MW008,MW074,Rural,Urban,0.0016009945001130331
MW005,MW074,Rural,Urban,-0.019679877807812243
