<?xml version="1.0" encoding="UTF-8"?><MD_Metadata xmlns:gts="http://www.isotc211.org/2005/gts" xmlns:gco="http://www.isotc211.org/2005/gco" xmlns:xalan="http://xml.apache.org/xalan" xmlns:srv="http://www.isotc211.org/2005/srv" xmlns:gmx="http://www.isotc211.org/2005/gmx" xmlns:xlink="http://www.w3.org/1999/xlink" xmlns:xsi="http://www.w3.org/2001/XMLSchema-instance" xmlns:gml="http://www.opengis.net/gml" xmlns="http://www.isotc211.org/2005/gmd">
    <fileIdentifier>
        <gco:CharacterString>a222f2996e7c454f9e8d028aa05995d3</gco:CharacterString>
    </fileIdentifier>
    <language>
        <LanguageCode codeList="http://www.loc.gov/standards/iso639-2/php/code_list.php" codeListValue="eng" codeSpace="ISO639-2">eng</LanguageCode>
    </language>
    <characterSet>
        <MD_CharacterSetCode codeList="http://www.isotc211.org/2005/resources/Codelist/gmxCodelists.xml#MD_CharacterSetCode" codeListValue="utf8" codeSpace="ISOTC211/19115">utf8</MD_CharacterSetCode>
    </characterSet>
    <hierarchyLevel>
        <MD_ScopeCode codeList="http://www.isotc211.org/2005/resources/Codelist/gmxCodelists.xml#MD_ScopeCode" codeListValue="dataset" codeSpace="ISOTC211/19115">dataset</MD_ScopeCode>
    </hierarchyLevel>
    <contact>
        <CI_ResponsibleParty>
            <organisationName>
                <gco:CharacterString>Ontario Ministry of Natural Resources and Forestry - Provincial Mapping Unit</gco:CharacterString>
            </organisationName>
            <contactInfo>
                <CI_Contact>
                    <address>
                        <CI_Address>
                            <electronicMailAddress>
                                <gco:CharacterString>pmu@ontario.ca</gco:CharacterString>
                            </electronicMailAddress>
                        </CI_Address>
                    </address>
                </CI_Contact>
            </contactInfo>
            <role>
                <CI_RoleCode codeList="http://www.isotc211.org/2005/resources/Codelist/gmxCodelists.xml#CI_RoleCode" codeListValue="custodian" codeSpace="ISOTC211/19115">custodian</CI_RoleCode>
            </role>
        </CI_ResponsibleParty>
    </contact>
    <dateStamp>
        <gco:Date>2019-10-10</gco:Date>
    </dateStamp>
    <metadataStandardName>
        <gco:CharacterString>NAP - Metadata</gco:CharacterString>
    </metadataStandardName>
    <metadataStandardVersion>
        <gco:CharacterString>1.2</gco:CharacterString>
    </metadataStandardVersion>
    <referenceSystemInfo>
        <MD_ReferenceSystem>
            <referenceSystemIdentifier>
                <RS_Identifier>
                    <code>
                        <gco:CharacterString>Grid CS = Geographic (Lat, Long); Map Proj = Not Applicable; Horiz. Datum = NAD83; Vert. Datum = Not Applicable</gco:CharacterString>
                    </code>
                </RS_Identifier>
            </referenceSystemIdentifier>
        </MD_ReferenceSystem>
    </referenceSystemInfo>
    <identificationInfo>
        <MD_DataIdentification>
            <citation>
                <CI_Citation>
                    <title>
                        <gco:CharacterString>Ontario Hydro Network (OHN) - Watercourse</gco:CharacterString>
                    </title>
                    <alternateTitle>
                        <gco:CharacterString>OHNWCRS</gco:CharacterString>
                    </alternateTitle>
                    <date>
                        <CI_Date>
                            <date>
                                <gco:Date>2010-08-12</gco:Date>
                            </date>
                            <dateType>
                                <CI_DateTypeCode codeList="http://www.isotc211.org/2005/resources/Codelist/gmxCodelists.xml#CI_DateTypeCode" codeListValue="creation" codeSpace="ISOTC211/19115">creation</CI_DateTypeCode>
                            </dateType>
                        </CI_Date>
                    </date>
                    <date>
                        <CI_Date>
                            <date>
                                <gco:DateTime>2022-07-29T09:39:46</gco:DateTime>
                            </date>
                            <dateType>
                                <CI_DateTypeCode codeList="http://www.isotc211.org/2005/resources/Codelist/gmxCodelists.xml#CI_DateTypeCode" codeListValue="revision" codeSpace="ISOTC211/19115">revision</CI_DateTypeCode>
                            </dateType>
                        </CI_Date>
                    </date>
                    <identifier>
                        <MD_Identifier>
                            <authority>
                                <CI_Citation>
                                    <title>
                                        <gco:CharacterString>LIO Metadata Management Tool UUID</gco:CharacterString>
                                    </title>
                                    <date>
                                        <CI_Date>
                                            <date>
                                                <gco:DateTime>2019-04-11T14:55:45.876415</gco:DateTime>
                                            </date>
                                            <dateType>
                                                <CI_DateTypeCode codeList="http://www.isotc211.org/2005/resources/Codelist/gmxCodelists.xml#CI_DateTypeCode" codeListValue="publication" codeSpace="ISOTC211/19115">publication</CI_DateTypeCode>
                                            </dateType>
                                        </CI_Date>
                                    </date>
                                    <citedResponsibleParty gco:nilReason="missing"/>
                                </CI_Citation>
                            </authority>
                            <code>
                                <gco:CharacterString>e547f2c8-488c-444d-a7b9-871541bb557b</gco:CharacterString>
                            </code>
                        </MD_Identifier>
                    </identifier>
                    <identifier>
                        <MD_Identifier>
                            <authority>
                                <CI_Citation>
                                    <title>
                                        <gco:CharacterString>LIO Concrete Class Short Name</gco:CharacterString>
                                    </title>
                                    <date>
                                        <CI_Date>
                                            <date>
                                                <gco:DateTime>2019-04-11T14:55:45.886399</gco:DateTime>
                                            </date>
                                            <dateType>
                                                <CI_DateTypeCode codeList="http://www.isotc211.org/2005/resources/Codelist/gmxCodelists.xml#CI_DateTypeCode" codeListValue="publication" codeSpace="ISOTC211/19115">publication</CI_DateTypeCode>
                                            </dateType>
                                        </CI_Date>
                                    </date>
                                    <citedResponsibleParty gco:nilReason="missing"/>
                                </CI_Citation>
                            </authority>
                            <code>
                                <gco:CharacterString>OHNWCRS</gco:CharacterString>
                            </code>
                        </MD_Identifier>
                    </identifier>
                    <identifier>
                        <MD_Identifier>
                            <authority>
                                <CI_Citation>
                                    <title>
                                        <gco:CharacterString>Ontario GeoHub French Record ID</gco:CharacterString>
                                    </title>
                                    <date>
                                        <CI_Date>
                                            <date>
                                                <gco:DateTime>2020-01-02T15:56:31.139955</gco:DateTime>
                                            </date>
                                            <dateType>
                                                <CI_DateTypeCode codeList="http://www.isotc211.org/2005/resources/Codelist/gmxCodelists.xml#CI_DateTypeCode" codeListValue="publication" codeSpace="ISOTC211/19115">publication</CI_DateTypeCode>
                                            </dateType>
                                        </CI_Date>
                                    </date>
                                    <citedResponsibleParty gco:nilReason="missing"/>
                                </CI_Citation>
                            </authority>
                            <code>
                                <gco:CharacterString>feae0057a89d47daaa3be77f9f700789_26</gco:CharacterString>
                            </code>
                        </MD_Identifier>
                    </identifier>
                    <citedResponsibleParty>
                        <CI_ResponsibleParty>
                            <organisationName>
                                <gco:CharacterString>Ontario Ministry of Natural Resources and Forestry</gco:CharacterString>
                            </organisationName>
                            <contactInfo gco:nilReason="missing"/>
                            <role>
                                <CI_RoleCode codeList="http://www.isotc211.org/2005/resources/Codelist/gmxCodelists.xml#CI_RoleCode" codeListValue="publisher" codeSpace="ISOTC211/19115">publisher</CI_RoleCode>
                            </role>
                        </CI_ResponsibleParty>
                    </citedResponsibleParty>
                </CI_Citation>
            </citation>
            <abstract>
                <gco:CharacterString>
Watercourses are line features – natural or manmade – that represent the location of flowing surface water.*Due to limitations of the shapefile format, OHN Watercourse data can only be downloaded as a complete shapefile or file geodatabase. On Ontario GeoHub, access the complete dataset by clicking Download &amp;gt; Additional Resources &amp;gt; Complete File Geodatabase / Shapefile.  
  
 Additional Documentation 

OHN - User Guide (Word)OHN - Data Capture Specification for Hydrographic Features (Word)
OHN - Watercourse - Data Description (PDF)
OHN - Watercourse - Documentation (Word)
Data Maintenance - Status Map (Word)
Ontario Hydro Network - List of Partners (Word)

 
 Status  
On going: data is being continually updated  
  
 Maintenance and Update Frequency  
Continual: data is repeatedly and frequently updated  
  
 Contact  
Ontario Ministry of Natural Resources and Forestry - Provincial Mapping Unit, pmu@ontario.ca  </gco:CharacterString>
            </abstract>
            <purpose>
                <gco:CharacterString>Shows the location of watercourses in Ontario as part of the Ontario Hydro Network (OHN).</gco:CharacterString>
            </purpose>
            <credit>
                <gco:CharacterString>https://www.ontario.ca/page/open-government-licence-ontario</gco:CharacterString>
            </credit>
            <status>
                <MD_ProgressCode codeList="http://www.isotc211.org/2005/resources/Codelist/gmxCodelists.xml#MD_ProgressCode" codeListValue="onGoing" codeSpace="ISOTC211/19115">onGoing</MD_ProgressCode>
            </status>
            <pointOfContact>
                <CI_ResponsibleParty>
                    <organisationName>
                        <gco:CharacterString>Ontario Ministry of Natural Resources and Forestry - Provincial Mapping Unit</gco:CharacterString>
                    </organisationName>
                    <contactInfo>
                        <CI_Contact>
                            <address>
                                <CI_Address>
                                    <deliveryPoint>
                                        <gco:CharacterString>300 Water St. 2nd Floor</gco:CharacterString>
                                    </deliveryPoint>
                                    <city>
                                        <gco:CharacterString>Peterborough</gco:CharacterString>
                                    </city>
                                    <administrativeArea>
                                        <gco:CharacterString>Ontario</gco:CharacterString>
                                    </administrativeArea>
                                    <postalCode>
                                        <gco:CharacterString>K9J 8M5</gco:CharacterString>
                                    </postalCode>
                                    <country>
                                        <Country codeList="http://www.iso.org/iso/country_codes/iso_3166_code_lists.htm" codeListValue="CA" codeSpace="ISO3166-1">CA</Country>
                                    </country>
                                    <electronicMailAddress>
                                        <gco:CharacterString>pmu@ontario.ca</gco:CharacterString>
                                    </electronicMailAddress>
                                </CI_Address>
                            </address>
                        </CI_Contact>
                    </contactInfo>
                    <role>
                        <CI_RoleCode codeList="http://www.isotc211.org/2005/resources/Codelist/gmxCodelists.xml#CI_RoleCode" codeListValue="custodian" codeSpace="ISOTC211/19115">custodian</CI_RoleCode>
                    </role>
                </CI_ResponsibleParty>
            </pointOfContact>
            <pointOfContact>
                <CI_ResponsibleParty>
                    <organisationName>
                        <gco:CharacterString>Ontario Ministry of Natural Resources and Forestry - Provincial Mapping Unit</gco:CharacterString>
                    </organisationName>
                    <contactInfo>
                        <CI_Contact>
                            <phone>
                                <CI_Telephone>
                                    <voice>
                                        <gco:CharacterString>1 (705) 7551878</gco:CharacterString>
                                    </voice>
                                </CI_Telephone>
                            </phone>
                            <address>
                                <CI_Address>
                                    <electronicMailAddress>
                                        <gco:CharacterString>pmu@ontario.ca</gco:CharacterString>
                                    </electronicMailAddress>
                                </CI_Address>
                            </address>
                        </CI_Contact>
                    </contactInfo>
                    <role>
                        <CI_RoleCode codeList="http://www.isotc211.org/2005/resources/Codelist/gmxCodelists.xml#CI_RoleCode" codeListValue="pointOfContact" codeSpace="ISOTC211/19115">pointOfContact</CI_RoleCode>
                    </role>
                </CI_ResponsibleParty>
            </pointOfContact>
            <resourceMaintenance>
                <MD_MaintenanceInformation>
                    <maintenanceAndUpdateFrequency>
                        <MD_MaintenanceFrequencyCode codeList="http://www.isotc211.org/2005/resources/Codelist/gmxCodelists.xml#MD_MaintenanceFrequencyCode" codeListValue="continual" codeSpace="ISOTC211/19115">continual</MD_MaintenanceFrequencyCode>
                    </maintenanceAndUpdateFrequency>
                </MD_MaintenanceInformation>
            </resourceMaintenance>
            <descriptiveKeywords>
                <MD_Keywords>
                    <keyword>
                        <gco:CharacterString>Lakes</gco:CharacterString>
                    </keyword>
                    <keyword>
                        <gco:CharacterString>Hydrology</gco:CharacterString>
                    </keyword>
                    <keyword>
                        <gco:CharacterString>Waterbody</gco:CharacterString>
                    </keyword>
                    <keyword>
                        <gco:CharacterString>Water</gco:CharacterString>
                    </keyword>
                    <keyword>
                        <gco:CharacterString>Watercourse</gco:CharacterString>
                    </keyword>
                    <keyword>
                        <gco:CharacterString>Ontario Hydro Network</gco:CharacterString>
                    </keyword>
                    <keyword>
                        <gco:CharacterString>Rivers</gco:CharacterString>
                    </keyword>
                    <keyword>
                        <gco:CharacterString>OHN</gco:CharacterString>
                    </keyword>
                    <keyword>
                        <gco:CharacterString>Hydrography</gco:CharacterString>
                    </keyword>
                    <type>
                        <MD_KeywordTypeCode codeList="http://www.isotc211.org/2005/resources/Codelist/gmxCodelists.xml#MD_KeywordTypeCode" codeListValue="theme" codeSpace="ISOTC211/19115">theme</MD_KeywordTypeCode>
                    </type>
                    <thesaurusName>
                        <CI_Citation>
                            <title>
                                <gco:CharacterString>external</gco:CharacterString>
                            </title>
                            <date gco:nilReason="missing"/>
                            <citedResponsibleParty gco:nilReason="missing"/>
                        </CI_Citation>
                    </thesaurusName>
                </MD_Keywords>
            </descriptiveKeywords>
            <descriptiveKeywords>
                <MD_Keywords>
                    <keyword>
                        <gco:CharacterString>Lakes</gco:CharacterString>
                    </keyword>
                    <keyword>
                        <gco:CharacterString>Hydrology</gco:CharacterString>
                    </keyword>
                    <keyword>
                        <gco:CharacterString>Waterbody</gco:CharacterString>
                    </keyword>
                    <keyword>
                        <gco:CharacterString>Water</gco:CharacterString>
                    </keyword>
                    <keyword>
                        <gco:CharacterString>Watercourse</gco:CharacterString>
                    </keyword>
                    <keyword>
                        <gco:CharacterString>Ontario Hydro Network</gco:CharacterString>
                    </keyword>
                    <keyword>
                        <gco:CharacterString>Rivers</gco:CharacterString>
                    </keyword>
                    <keyword>
                        <gco:CharacterString>OHN</gco:CharacterString>
                    </keyword>
                    <keyword>
                        <gco:CharacterString>Hydrography</gco:CharacterString>
                    </keyword>
                    <type>
                        <MD_KeywordTypeCode codeList="http://www.isotc211.org/2005/resources/Codelist/gmxCodelists.xml#MD_KeywordTypeCode" codeListValue="theme" codeSpace="ISOTC211/19115">theme</MD_KeywordTypeCode>
                    </type>
                    <thesaurusName>
                        <CI_Citation>
                            <title>
                                <gco:CharacterString>external</gco:CharacterString>
                            </title>
                            <date gco:nilReason="missing"/>
                            <citedResponsibleParty gco:nilReason="missing"/>
                        </CI_Citation>
                    </thesaurusName>
                </MD_Keywords>
            </descriptiveKeywords>
            <descriptiveKeywords>
                <MD_Keywords>
                    <keyword>
                        <gco:CharacterString>Lakes</gco:CharacterString>
                    </keyword>
                    <keyword>
                        <gco:CharacterString>Hydrology</gco:CharacterString>
                    </keyword>
                    <keyword>
                        <gco:CharacterString>Waterbody</gco:CharacterString>
                    </keyword>
                    <keyword>
                        <gco:CharacterString>Water</gco:CharacterString>
                    </keyword>
                    <keyword>
                        <gco:CharacterString>Watercourse</gco:CharacterString>
                    </keyword>
                    <keyword>
                        <gco:CharacterString>Ontario Hydro Network</gco:CharacterString>
                    </keyword>
                    <keyword>
                        <gco:CharacterString>Rivers</gco:CharacterString>
                    </keyword>
                    <keyword>
                        <gco:CharacterString>OHN</gco:CharacterString>
                    </keyword>
                    <keyword>
                        <gco:CharacterString>Hydrography</gco:CharacterString>
                    </keyword>
                    <type>
                        <MD_KeywordTypeCode codeList="http://www.isotc211.org/2005/resources/Codelist/gmxCodelists.xml#MD_KeywordTypeCode" codeListValue="theme" codeSpace="ISOTC211/19115">theme</MD_KeywordTypeCode>
                    </type>
                    <thesaurusName>
                        <CI_Citation>
                            <title>
                                <gco:CharacterString>external</gco:CharacterString>
                            </title>
                            <date gco:nilReason="missing"/>
                            <citedResponsibleParty gco:nilReason="missing"/>
                        </CI_Citation>
                    </thesaurusName>
                </MD_Keywords>
            </descriptiveKeywords>
            <descriptiveKeywords>
                <MD_Keywords>
                    <keyword>
                        <gco:CharacterString>Lakes</gco:CharacterString>
                    </keyword>
                    <keyword>
                        <gco:CharacterString>Hydrology</gco:CharacterString>
                    </keyword>
                    <keyword>
                        <gco:CharacterString>Waterbody</gco:CharacterString>
                    </keyword>
                    <keyword>
                        <gco:CharacterString>Water</gco:CharacterString>
                    </keyword>
                    <keyword>
                        <gco:CharacterString>Watercourse</gco:CharacterString>
                    </keyword>
                    <keyword>
                        <gco:CharacterString>Ontario Hydro Network</gco:CharacterString>
                    </keyword>
                    <keyword>
                        <gco:CharacterString>Rivers</gco:CharacterString>
                    </keyword>
                    <keyword>
                        <gco:CharacterString>OHN</gco:CharacterString>
                    </keyword>
                    <keyword>
                        <gco:CharacterString>Hydrography</gco:CharacterString>
                    </keyword>
                    <type>
                        <MD_KeywordTypeCode codeList="http://www.isotc211.org/2005/resources/Codelist/gmxCodelists.xml#MD_KeywordTypeCode" codeListValue="theme" codeSpace="ISOTC211/19115">theme</MD_KeywordTypeCode>
                    </type>
                    <thesaurusName>
                        <CI_Citation>
                            <title>
                                <gco:CharacterString>external</gco:CharacterString>
                            </title>
                            <date gco:nilReason="missing"/>
                            <citedResponsibleParty gco:nilReason="missing"/>
                        </CI_Citation>
                    </thesaurusName>
                </MD_Keywords>
            </descriptiveKeywords>
            <descriptiveKeywords>
                <MD_Keywords>
                    <keyword>
                        <gco:CharacterString>Lakes</gco:CharacterString>
                    </keyword>
                    <keyword>
                        <gco:CharacterString>Hydrology</gco:CharacterString>
                    </keyword>
                    <keyword>
                        <gco:CharacterString>Waterbody</gco:CharacterString>
                    </keyword>
                    <keyword>
                        <gco:CharacterString>Water</gco:CharacterString>
                    </keyword>
                    <keyword>
                        <gco:CharacterString>Watercourse</gco:CharacterString>
                    </keyword>
                    <keyword>
                        <gco:CharacterString>Ontario Hydro Network</gco:CharacterString>
                    </keyword>
                    <keyword>
                        <gco:CharacterString>Rivers</gco:CharacterString>
                    </keyword>
                    <keyword>
                        <gco:CharacterString>OHN</gco:CharacterString>
                    </keyword>
                    <keyword>
                        <gco:CharacterString>Hydrography</gco:CharacterString>
                    </keyword>
                    <type>
                        <MD_KeywordTypeCode codeList="http://www.isotc211.org/2005/resources/Codelist/gmxCodelists.xml#MD_KeywordTypeCode" codeListValue="theme" codeSpace="ISOTC211/19115">theme</MD_KeywordTypeCode>
                    </type>
                    <thesaurusName>
                        <CI_Citation>
                            <title>
                                <gco:CharacterString>external</gco:CharacterString>
                            </title>
                            <date gco:nilReason="missing"/>
                            <citedResponsibleParty gco:nilReason="missing"/>
                        </CI_Citation>
                    </thesaurusName>
                </MD_Keywords>
            </descriptiveKeywords>
            <descriptiveKeywords>
                <MD_Keywords>
                    <keyword>
                        <gco:CharacterString>Lakes</gco:CharacterString>
                    </keyword>
                    <keyword>
                        <gco:CharacterString>Hydrology</gco:CharacterString>
                    </keyword>
                    <keyword>
                        <gco:CharacterString>Waterbody</gco:CharacterString>
                    </keyword>
                    <keyword>
                        <gco:CharacterString>Water</gco:CharacterString>
                    </keyword>
                    <keyword>
                        <gco:CharacterString>Watercourse</gco:CharacterString>
                    </keyword>
                    <keyword>
                        <gco:CharacterString>Ontario Hydro Network</gco:CharacterString>
                    </keyword>
                    <keyword>
                        <gco:CharacterString>Rivers</gco:CharacterString>
                    </keyword>
                    <keyword>
                        <gco:CharacterString>OHN</gco:CharacterString>
                    </keyword>
                    <keyword>
                        <gco:CharacterString>Hydrography</gco:CharacterString>
                    </keyword>
                    <type>
                        <MD_KeywordTypeCode codeList="http://www.isotc211.org/2005/resources/Codelist/gmxCodelists.xml#MD_KeywordTypeCode" codeListValue="theme" codeSpace="ISOTC211/19115">theme</MD_KeywordTypeCode>
                    </type>
                    <thesaurusName>
                        <CI_Citation>
                            <title>
                                <gco:CharacterString>external</gco:CharacterString>
                            </title>
                            <date gco:nilReason="missing"/>
                            <citedResponsibleParty gco:nilReason="missing"/>
                        </CI_Citation>
                    </thesaurusName>
                </MD_Keywords>
            </descriptiveKeywords>
            <descriptiveKeywords>
                <MD_Keywords>
                    <keyword>
                        <gco:CharacterString>Lakes</gco:CharacterString>
                    </keyword>
                    <keyword>
                        <gco:CharacterString>Hydrology</gco:CharacterString>
                    </keyword>
                    <keyword>
                        <gco:CharacterString>Waterbody</gco:CharacterString>
                    </keyword>
                    <keyword>
                        <gco:CharacterString>Water</gco:CharacterString>
                    </keyword>
                    <keyword>
                        <gco:CharacterString>Watercourse</gco:CharacterString>
                    </keyword>
                    <keyword>
                        <gco:CharacterString>Ontario Hydro Network</gco:CharacterString>
                    </keyword>
                    <keyword>
                        <gco:CharacterString>Rivers</gco:CharacterString>
                    </keyword>
                    <keyword>
                        <gco:CharacterString>OHN</gco:CharacterString>
                    </keyword>
                    <keyword>
                        <gco:CharacterString>Hydrography</gco:CharacterString>
                    </keyword>
                    <type>
                        <MD_KeywordTypeCode codeList="http://www.isotc211.org/2005/resources/Codelist/gmxCodelists.xml#MD_KeywordTypeCode" codeListValue="theme" codeSpace="ISOTC211/19115">theme</MD_KeywordTypeCode>
                    </type>
                    <thesaurusName>
                        <CI_Citation>
                            <title>
                                <gco:CharacterString>external</gco:CharacterString>
                            </title>
                            <date gco:nilReason="missing"/>
                            <citedResponsibleParty gco:nilReason="missing"/>
                        </CI_Citation>
                    </thesaurusName>
                </MD_Keywords>
            </descriptiveKeywords>
            <descriptiveKeywords>
                <MD_Keywords>
                    <keyword>
                        <gco:CharacterString>Lakes</gco:CharacterString>
                    </keyword>
                    <keyword>
                        <gco:CharacterString>Hydrology</gco:CharacterString>
                    </keyword>
                    <keyword>
                        <gco:CharacterString>Waterbody</gco:CharacterString>
                    </keyword>
                    <keyword>
                        <gco:CharacterString>Water</gco:CharacterString>
                    </keyword>
                    <keyword>
                        <gco:CharacterString>Watercourse</gco:CharacterString>
                    </keyword>
                    <keyword>
                        <gco:CharacterString>Ontario Hydro Network</gco:CharacterString>
                    </keyword>
                    <keyword>
                        <gco:CharacterString>Rivers</gco:CharacterString>
                    </keyword>
                    <keyword>
                        <gco:CharacterString>OHN</gco:CharacterString>
                    </keyword>
                    <keyword>
                        <gco:CharacterString>Hydrography</gco:CharacterString>
                    </keyword>
                    <type>
                        <MD_KeywordTypeCode codeList="http://www.isotc211.org/2005/resources/Codelist/gmxCodelists.xml#MD_KeywordTypeCode" codeListValue="theme" codeSpace="ISOTC211/19115">theme</MD_KeywordTypeCode>
                    </type>
                    <thesaurusName>
                        <CI_Citation>
                            <title>
                                <gco:CharacterString>external</gco:CharacterString>
                            </title>
                            <date gco:nilReason="missing"/>
                            <citedResponsibleParty gco:nilReason="missing"/>
                        </CI_Citation>
                    </thesaurusName>
                </MD_Keywords>
            </descriptiveKeywords>
            <descriptiveKeywords>
                <MD_Keywords>
                    <keyword>
                        <gco:CharacterString>Lakes</gco:CharacterString>
                    </keyword>
                    <keyword>
                        <gco:CharacterString>Hydrology</gco:CharacterString>
                    </keyword>
                    <keyword>
                        <gco:CharacterString>Waterbody</gco:CharacterString>
                    </keyword>
                    <keyword>
                        <gco:CharacterString>Water</gco:CharacterString>
                    </keyword>
                    <keyword>
                        <gco:CharacterString>Watercourse</gco:CharacterString>
                    </keyword>
                    <keyword>
                        <gco:CharacterString>Ontario Hydro Network</gco:CharacterString>
                    </keyword>
                    <keyword>
                        <gco:CharacterString>Rivers</gco:CharacterString>
                    </keyword>
                    <keyword>
                        <gco:CharacterString>OHN</gco:CharacterString>
                    </keyword>
                    <keyword>
                        <gco:CharacterString>Hydrography</gco:CharacterString>
                    </keyword>
                    <type>
                        <MD_KeywordTypeCode codeList="http://www.isotc211.org/2005/resources/Codelist/gmxCodelists.xml#MD_KeywordTypeCode" codeListValue="theme" codeSpace="ISOTC211/19115">theme</MD_KeywordTypeCode>
                    </type>
                    <thesaurusName>
                        <CI_Citation>
                            <title>
                                <gco:CharacterString>external</gco:CharacterString>
                            </title>
                            <date gco:nilReason="missing"/>
                            <citedResponsibleParty gco:nilReason="missing"/>
                        </CI_Citation>
                    </thesaurusName>
                </MD_Keywords>
            </descriptiveKeywords>
            <resourceConstraints>
                <MD_Constraints>
                    <useLimitation>
                        <gco:CharacterString>Use LimitationOpen Government Licence – OntarioYou are encouraged to use the Information that is available under this licence with only a few conditions.Using Information under this licence1. Use of any Information indicates your acceptance of the terms below.2. The Information Provider grants you a worldwide, royalty-free, perpetual, non-exclusive licence to use the Information, including for commercial purposes, subject to the terms below.You are free to:3. Copy, modify, publish, translate, adapt, distribute or otherwise use the Information in any medium, mode or format for any lawful purpose. You must, where you do any of the above:4. Acknowledge the source of the Information by including any attribution statement specified by the Information Provider(s) and, where possible, provide a link to this licence. If the Information Provider does not provide a specific attribution statement, or if you are using Information from several Information Providers and multiple attributions are not practical for your product or application, you must use the following attribution statement: Contains information licensed under the Open Government Licence – Ontario.5. The terms of this licence are important, and if you fail to comply with any of them, the rights granted to you under this licence, or any similar licence granted by the Information Provider, will end automatically.Exemptions6. This licence does not grant you any right to use: a) Personal Information; b) Information or Records not accessible under the Freedom of Information and Protection of Privacy Act (Ontario); c) third party rights the Information Provider is not authorized to license; d) the names, crests, logos, or other official symbols of the Information Provider; and e) Information subject to other intellectual property rights, including patents, trade-marks and official marks.Non-endorsement7. This licence does not grant you any right to use the Information in a way that suggests any official status or that the Information Provider endorses you or your use of the Information.No warranty8. The Information is licensed “as is”, and the Information Provider excludes all representations, warranties, obligations, and liabilities, whether express or implied, to the maximum extent permitted by law.9. The Information Provider is not liable for any errors or omissions in the Information, and will not under any circumstances be liable for any direct, indirect, special, incidental, consequential, or other loss, injury or damage caused by its use or otherwise arising in connection with this licence or the Information, even if specifically advised of the possibility of such loss, injury or damage.Governing Law10. This licence is governed by the laws of the Province of Ontario and the applicable laws of Canada.11. Legal proceedings related to this licence may only be brought in the courts of Ontario.Definitions12. In this licence, the terms below have the following meanings: &amp;quot;Information&amp;quot; means information resources or Records protected by copyright or other information or Records that are offered for use under the terms of this licence. &amp;quot;Information Provider&amp;quot; means Her Majesty the Queen in right of Ontario. “Personal Information” has the meaning set out in section 2(1) of the Freedom of Information and Protection of Privacy Act (Ontario). “Records” has the meaning of “record” as set out in the Freedom of Information and Protection of Privacy Act (Ontario). &amp;quot;You&amp;quot; means the natural or legal person, or body of persons corporate or incorporate, acquiring rights under this licence.Versioning13. This is version 1.0 of the Open Government Licence – Ontario. The Information Provider may make changes to the terms of this licence from time to time and issue a new version of the licence. Your use of the Information will be governed by the terms of the licence in force as of the date you accessed the information.</gco:CharacterString>
                    </useLimitation>
                </MD_Constraints>
            </resourceConstraints>
            <resourceConstraints>
                <MD_LegalConstraints>
                    <useLimitation>
                        <gco:CharacterString>Open Government Licence Ontario - You are encouraged to use the Information that is available under this licence with only a few conditions. Using Information under this licence - 1. Use of any Information indicates your acceptance of the terms below. 2. The Information Provider grants you a worldwide, royalty-free, perpetual, non-exclusive licence to use the Information, including for commercial purposes, subject to the terms below. You are freeto: 3. Copy, modify, publish, translate, adapt, distribute or otherwise use the Information in any medium, mode or format for any lawful purpose. You must, where you do any of the above: 4. Acknowledge the source of the Information by including any attribution statement specified by the Information Provider(s) and, where possible, provide a link to this licence. If the Information Provider does not provide a specific attribution statement, or if you areusing Information from several Information Providers and multiple attributions are not practical for your product or application, you must use the followingattribution statement: Contains information licensed under the Open Government Licence Ontario. 5. The terms of this licence are important, and if you fail to comply with any of them, the rights granted to you under this licence, or any similar licence granted by the Information Provider, will end automatically. Exemptions 6. This licence does not grant you any right to use: a) Personal Information; b) Information or Records not accessible under the Freedom of Information and Protection of Privacy Act (Ontario); c) third party rights the Information Provider is not authorized to license; d) the names, crests, logos, or other official symbols of the Information Provider; and e) Information subject to other intellectual property rights,including patents, trade-marks and official marks. Non-endorsement 7. This licence does not grant you any right to use the Information in a way that suggests any official status or that the Information Provider endorses you or your use of the Information. No warranty 8. The Information is licensed as is, and the Information Provider excludes all representations, warranties, obligations, and liabilities, whether express or implied, to the maximumextent permitted by law. 9. The Information Provider is not liable for any errors or omissions in the Information, and will not under any circumstancesbe liable for any direct, indirect, special, incidental, consequential, or other loss, injury or damage caused by its use or otherwise arising in connectionwith this licence or the Information, even if specifically advised of the possibility of such loss, injury or damage. Governing Law 10. This licenceis governed by the laws of the Province of Ontario and the applicable laws of Canada. 11. Legal proceedings related to this licence may only be broughtin the courts of Ontario. Definitions 12. In this licence, the terms below have the following meanings: "Information" means information resources orRecords protected by copyright or other information or Records that are offered for use under the terms of this licence. "Information Provider" means Her Majesty the Queen in right of Ontario. Personal Information has the meaning set out in section 2(1) of the Freedom of Information and Protectionof Privacy Act (Ontario). Records has the meaning of record as set out in the Freedom of Information and Protection of Privacy Act (Ontario). "You" means the natural or legal person, or body of persons corporate or incorporate, acquiring rights under this licence. Versioning 13. This is version 1.0of the Open Government Licence Ontario. The Information Provider may make changes to the terms of this licence from time to time and issue a new version ofthe licence. Your use of the Information will be governed by the terms of the licence in force as of the date you accessed the information.</gco:CharacterString>
                    </useLimitation>
                    <otherConstraints>
                        <gco:CharacterString>None</gco:CharacterString>
                    </otherConstraints>
                </MD_LegalConstraints>
            </resourceConstraints>
            <language gco:nilReason="missing"/>
            <characterSet>
                <MD_CharacterSetCode codeList="http://www.isotc211.org/2005/resources/Codelist/gmxCodelists.xml#MD_CharacterSetCode" codeListValue="utf8" codeSpace="ISOTC211/19115">utf8</MD_CharacterSetCode>
            </characterSet>
            <topicCategory>
                <MD_TopicCategoryCode>inlandWaters</MD_TopicCategoryCode>
            </topicCategory>
            <environmentDescription>
                <gco:CharacterString>NRVIS</gco:CharacterString>
            </environmentDescription>
            <extent>
                <EX_Extent>
                    <geographicElement>
                        <EX_GeographicBoundingBox>
                            <westBoundLongitude>
                                <gco:Decimal>-93.753</gco:Decimal>
                            </westBoundLongitude>
                            <eastBoundLongitude>
                                <gco:Decimal>-75.737</gco:Decimal>
                            </eastBoundLongitude>
                            <southBoundLatitude>
                                <gco:Decimal>41.918</gco:Decimal>
                            </southBoundLatitude>
                            <northBoundLatitude>
                                <gco:Decimal>59.934</gco:Decimal>
                            </northBoundLatitude>
                        </EX_GeographicBoundingBox>
                    </geographicElement>
                </EX_Extent>
            </extent>
        </MD_DataIdentification>
    </identificationInfo>
    <distributionInfo>
        <MD_Distribution>
            <distributionFormat gco:nilReason="missing"/>
            <transferOptions>
                <MD_DigitalTransferOptions>
                    <onLine>
                        <CI_OnlineResource>
                            <linkage>
                                <URL>https://www.gisapplication.lrc.gov.on.ca/fmedatadownload/Packages/fgdb/OHNWCRS.zip</URL>
                            </linkage>
                            <protocol gco:nilReason="missing"/>
                            <name>
                                <gco:CharacterString>Complete File Geodatabase</gco:CharacterString>
                            </name>
                        </CI_OnlineResource>
                    </onLine>
                    <onLine>
                        <CI_OnlineResource>
                            <linkage>
                                <URL>https://www.gisapplication.lrc.gov.on.ca/fmedatadownload/Packages/OHNWCRS.zip</URL>
                            </linkage>
                            <protocol gco:nilReason="missing"/>
                            <name>
                                <gco:CharacterString>Complete Shapefile</gco:CharacterString>
                            </name>
                        </CI_OnlineResource>
                    </onLine>
                    <onLine>
                        <CI_OnlineResource>
                            <linkage>
                                <URL>https://www.sdc.gov.on.ca/sites/MNRF-PublicDocs/EN/CMID/lio-open-qlr-eng/ontario-hydro-network-ohn-watercourse.qlr</URL>
                            </linkage>
                            <protocol gco:nilReason="missing"/>
                            <name>
                                <gco:CharacterString>QGIS Layer Definition File (.qlr)</gco:CharacterString>
                            </name>
                        </CI_OnlineResource>
                    </onLine>
                </MD_DigitalTransferOptions>
            </transferOptions>
        </MD_Distribution>
    </distributionInfo>
    <dataQualityInfo>
        <DQ_DataQuality>
            <scope>
                <DQ_Scope>
                    <level>
                        <MD_ScopeCode codeList="http://www.isotc211.org/2005/resources/Codelist/gmxCodelists.xml#MD_ScopeCode" codeListValue="dataset" codeSpace="ISOTC211/19115">dataset</MD_ScopeCode>
                    </level>
                </DQ_Scope>
            </scope>
            <report>
                <DQ_RelativeInternalPositionalAccuracy>
                    <measureDescription>
                        <gco:CharacterString>Horizontal: Precise: +/- 10 m; Vertical: Not Applicable</gco:CharacterString>
                    </measureDescription>
                    <result gco:nilReason="missing"/>
                </DQ_RelativeInternalPositionalAccuracy>
            </report>
        </DQ_DataQuality>
    </dataQualityInfo>
</MD_Metadata>
